﻿,,,,,,,,,,,,,,,,,,,,,,,,,,,,,,,,,,,,,,,,
Sales record number,Order number,Buyer username,Buyer name,Buyer email,Buyer note,Buyer address 1,Buyer address 2,Buyer city,Buyer county,Buyer postcode,Buyer country,Post to name,Post to phone,Post to address 1,Post to address 2,Post to city,Post to county,Post to postcode,Post to country,Item number,Item title,Custom label,Sold via Promote your listings,Quantity,Sold for,Postage and packaging,Included VAT rate,Seller collected tax,eBay collected tax,Total price,Payment method,Sale date,Paid on date,Post by date,Minimum estimated delivery date,Maximum estimated delivery date,Dispatched on date,Feedback left,Feedback received,My item note,PayPal transaction ID,Delivery service,Tracking number,Transaction ID,Variation details,Global Shipping Programme,Global Shipping Reference ID,Click and Collect,Click and Collect Reference Number,eBay Plus
,,,,,,,,,,,,,,,,,,,,,,,,,,,,,,,,,,,,,,,,,,,,,,,,,,
1945,12-04018-78664,michelle5470151,michelle maxwell,michelle557@sky.com,,18 balfour road,,prenton,Merseyside,ch43 4ud,United Kingdom,michelle maxwell,+44 151 652 8788,18 balfour road,,prenton,Merseyside,ch43 4ud,United Kingdom,123185044471,"Ralph Mens Crew Neck TShirt Long Sleeve Brand New[Grey,L]",RLL Long Grey L,No,1,£12.99,£0.00,,£0.00,£0.00,£12.99,PayPal,18-Oct-19,18-Oct-19,21-Oct-19,,,,No,,,4UE3835366903540A,Royal Mail 1st Class,,2167008265002,"[Main Colour:Grey,Size:L]",No,,No,,No
1630,18-04155-05020,nismogtr1,Rodolfo Maldonado,nismogtr10@hotmail.com,Please ship correct and quickly. Thanks!,8423 NW 68th St,,Miami,FL,33166-2681,United States,"miinge, Sociedad Anonima G104283",+1 305-468-9099,8423 NW 68th St,,Miami,FL,33166-2681,United States,263195255184,My Red Bull Edifice EF-550RBSP-1AV F-1,CasCaseo,No,1,£80.99,£32.00,,£0.00,£0.00,£112.99,No,PayPal,18-Nov-19,18-Nov-19,20-Nov-19,,,,No,,,1BC14743F68774946,Royal Mail International Tracked,,2507597515016,,No,,No,,No
1629,24-04156-65253,isazuz0,Isaiah Zuzzolo,waywardzuzzolo@gmail.com,,Asgill House,Old Palace Lane,Richmond,,TW9 1PQ,United Kingdom,Isaiah Zuzzolo,+44 7757 942977,Asgill House,Old Palace Lane,Richmond,,TW9 1PQ,United Kingdom,264341312320,"Mens Jeans Slim Fit Cotton[Tan Brown,40 Waist (Regular Length)]",Tan Brown Regular 40 (Booho Tag Tobacco),No,1,£14.99,£0.00,,£0.00,£0.00,£14.99,No,PayPal,17-Nov-19,17-Nov-19,19-Nov-19,,,18-Nov-19,No,,,4CD877634R989921N,Royal Mail 1st Class,05039122D94,2507179529016,"[Colour:Tan Brown,Trouser Size:40 Waist (Regular Length)]",No,,No,,No
,,,,,,,,,,,,,,,,,,,,,,,,,,,,,,,,,,,,,,,,,,,,,,,,,,
1,record(s) downloaded,,,,,,,,,,,,,,,,,,,,,,,,,,,,,,,,,,,,,,,,,,,,,,,,,
Seller ID : chestcrew,,,,,,,,,,,,,,,,,,,,,,,,,,,,,,,,,,,,,,,,,,,,,,,,,,