﻿,,,,,,,,,,,,,,,,,,,,,,,,,,,,,,,,,,,,,,,,
Sales record number,Order number,Buyer username,Buyer name,Buyer email,Buyer note,Buyer address 1,Buyer address 2,Buyer city,Buyer county,Buyer postcode,Buyer country,Post to name,Post to phone,Post to address 1,Post to address 2,Post to city,Post to county,Post to postcode,Post to country,Item number,Item title,Custom label,Sold via Promote your listings,Quantity,Sold for,Postage and packaging,Included VAT rate,Seller collected tax,eBay collected tax,Total price,Payment method,Sale date,Paid on date,Post by date,Minimum estimated delivery date,Maximum estimated delivery date,Dispatched on date,Feedback left,Feedback received,My item note,PayPal transaction ID,Delivery service,Tracking number,Transaction ID,Variation details,Global Shipping Programme,Global Shipping Reference ID,Click and Collect,Click and Collect Reference Number,eBay Plus
,,,,,,,,,,,,,,,,,,,,,,,,,,,,,,,,,,,,,,,,,,,,,,,,,,
1945,12-04018-78664,michelle5470151,michelle maxwell,michelle557@sky.com,,18 balfour road,,prenton,Merseyside,ch43 4ud,United Kingdom,michelle maxwell,+44 151 652 8788,18 balfour road,,prenton,Merseyside,ch43 4ud,United Kingdom,123185044471,"Ralph Mens Crew Neck TShirt Long Sleeve Brand New[Grey,L]",RLL Long Grey L,No,1,£12.99,£0.00,,£0.00,£0.00,£12.99,PayPal,18-Oct-19,18-Oct-19,21-Oct-19,,,,No,,,4UE3835366903540A,Royal Mail 1st Class,,2167008265002,"[Main Colour:Grey,Size:L]",No,,No,,No
1945,12-04018-78664,michelle5470151,michelle maxwell,michelle557@sky.com,,18 balfour road,,prenton,Merseyside,ch43 4ud,United Kingdom,michelle maxwell,+44 151 652 8788,18 balfour road,,prenton,Merseyside,ch43 4ud,United Kingdom,123185044471,"Ralph Mens Crew Neck TShirt Long Sleeve Brand New[Grey,L]",RLL Long Grey L,No,1,£12.99,£0.00,,£0.00,£0.00,£12.99,PayPal,18-Oct-19,18-Oct-19,21-Oct-19,,,,No,,,4UE3835366903540A,Royal Mail 1st Class,,2167008265002,"[Main Colour:Grey,Size:L]",No,,No,,No
1945,12-04018-78664,michelle5470151,michelle maxwell,michelle557@sky.com,,18 balfour road,,prenton,Merseyside,ch43 4ud,United Kingdom,michelle maxwell,+44 151 652 8788,18 balfour road,,prenton,Merseyside,ch43 4ud,United Kingdom,123185044471,"Ralph Mens Crew Neck TShirt Long Sleeve Brand New[Grey,L]",RLL Long Grey L,No,1,£12.99,£0.00,,£0.00,£0.00,£12.99,PayPal,18-Oct-19,18-Oct-19,21-Oct-19,,,,No,,,4UE3835366903540A,Royal Mail 1st Class,,2167008265002,"[Main Colour:Grey,Size:L]",No,,No,,No
1945,12-04018-78664,michelle5470151,michelle maxwell,michelle557@sky.com,,18 balfour road,,prenton,Merseyside,ch43 4ud,United Kingdom,michelle maxwell,+44 151 652 8788,18 balfour road,,prenton,Merseyside,ch43 4ud,United Kingdom,123185044471,"Ralph Mens Crew Neck TShirt Long Sleeve Brand New[Grey,L]",RLL Long Grey L,No,1,£12.99,£0.00,,£0.00,£0.00,£12.99,PayPal,18-Oct-19,18-Oct-19,21-Oct-19,,,,No,,,4UE3835366903540A,Royal Mail 1st Class,,2167008265002,"[Main Colour:Grey,Size:L]",No,,No,,No
,,,,,,,,,,,,,,,,,,,,,,,,,,,,,,,,,,,,,,,,,,,,,,,,,,
1,record(s) downloaded,,,,,,,,,,,,,,,,,,,,,,,,,,,,,,,,,,,,,,,,,,,,,,,,,
Seller ID : chestcrew,,,,,,,,,,,,,,,,,,,,,,,,,,,,,,,,,,,,,,,,,,,,,,,,,,